Date,DX-Y.NYB,GC=F,CL=F,^TNX,INR=X,^NSEI
2024-05-13,105.22000122070312,2336.10009765625,79.12000274658203,4.480999946594238,83.5248031616211,22104.05078125
2024-05-14,105.01000213623047,2353.39990234375,78.0199966430664,4.445000171661377,83.50550079345703,22217.849609375
2024-05-15,104.3499984741211,2388.699951171875,78.62999725341797,4.355999946594238,83.52420043945312,22200.55078125
2024-05-16,104.45999908447266,2380.0,79.2300033569336,4.376999855041504,83.40509796142578,22403.849609375
2024-05-17,104.44999694824219,2412.199951171875,80.05999755859375,4.420000076293945,83.47010040283203,22466.099609375
2024-05-20,104.56999969482422,2433.89990234375,79.80000305175781,4.436999797821045,83.30039978027344,22466.099609375
2024-05-21,104.66000366210938,2421.699951171875,79.26000213623047,4.414000034332275,83.31500244140625,22529.05078125
2024-05-22,104.94000244140625,2389.199951171875,77.56999969482422,4.434000015258789,83.31680297851562,22597.80078125
2024-05-23,105.11000061035156,2335.0,76.87000274658203,4.474999904632568,83.26709747314453,22967.650390625
2024-05-24,104.72000122070312,2332.5,77.72000122070312,4.4670000076293945,83.2863998413086,22957.099609375
2024-05-27,104.72000122070312,2332.5,77.72000122070312,4.4670000076293945,83.05220031738281,22932.44921875
2024-05-28,104.61000061035156,2355.199951171875,79.83000183105469,4.541999816894531,83.14569854736328,22888.150390625
2024-05-29,105.0999984741211,2340.300048828125,79.2300033569336,4.624000072479248,83.20649719238281,22704.69921875
2024-05-30,104.72000122070312,2342.89990234375,77.91000366210938,4.553999900817871,83.3656005859375,22488.650390625
2024-05-31,104.66999816894531,2322.89990234375,76.98999786376953,4.513999938964844,83.3208999633789,22530.69921875
2024-06-03,104.13999938964844,2346.60009765625,74.22000122070312,4.4019999504089355,83.45079803466797,23263.900390625
2024-06-04,104.11000061035156,2325.5,73.25,4.335999965667725,83.09339904785156,21884.5
2024-06-05,104.2699966430664,2354.10009765625,74.06999969482422,4.289000034332275,83.62940216064453,22620.349609375
2024-06-06,104.0999984741211,2370.300048828125,75.55000305175781,4.281000137329102,83.38079833984375,22821.400390625
2024-06-07,104.88999938964844,2305.199951171875,75.52999877929688,4.429999828338623,83.47309875488281,23290.150390625
2024-06-10,105.1500015258789,2307.699951171875,77.73999786376953,4.468999862670898,83.52760314941406,23259.19921875
2024-06-11,105.2300033569336,2307.5,77.9000015258789,4.4039998054504395,83.52980041503906,23264.849609375
2024-06-12,104.6500015258789,2336.0,78.5,4.295000076293945,83.5968017578125,23322.94921875
2024-06-13,105.19999694824219,2300.199951171875,78.62000274658203,4.23799991607666,83.5343017578125,23398.900390625
2024-06-14,105.55000305175781,2331.39990234375,78.44999694824219,4.2129998207092285,83.52210235595703,23465.599609375
2024-06-17,105.31999969482422,2312.39990234375,80.33000183105469,4.2789998054504395,83.55180358886719,23465.599609375
2024-06-18,105.26000213623047,2330.39990234375,81.56999969482422,4.2170000076293945,83.51010131835938,23557.900390625
2024-06-19,105.26000213623047,2330.39990234375,81.56999969482422,4.2170000076293945,83.37409973144531,23516.0
2024-06-20,105.58999633789062,2353.800048828125,82.16999816894531,4.254000186920166,83.41950225830078,23567.0
2024-06-21,105.80000305175781,2316.39990234375,80.7300033569336,4.256999969482422,83.60160064697266,23501.099609375
2024-06-24,105.47000122070312,2330.0,81.62999725341797,4.248000144958496,83.5625,23537.849609375
2024-06-25,105.61000061035156,2316.60009765625,80.83000183105469,4.23799991607666,83.46040344238281,23721.30078125
2024-06-26,106.05000305175781,2299.199951171875,80.9000015258789,4.315999984741211,83.41459655761719,23868.80078125
2024-06-27,105.91000366210938,2324.5,81.73999786376953,4.288000106811523,83.58039855957031,24044.5
2024-06-28,105.87000274658203,2327.699951171875,81.54000091552734,4.3429999351501465,83.45089721679688,24010.599609375
2024-07-01,105.9000015258789,2327.60009765625,83.37999725341797,4.479000091552734,83.36750030517578,24141.94921875
2024-07-02,105.72000122070312,2323.0,82.80999755859375,4.435999870300293,83.44129943847656,24123.849609375
2024-07-03,105.4000015258789,2359.800048828125,83.87999725341797,4.355000019073486,83.4791030883789,24286.5
2024-07-04,105.4000015258789,2359.800048828125,83.87999725341797,4.355000019073486,83.49120330810547,24302.150390625
2024-07-05,104.87999725341797,2388.5,83.16000366210938,4.271999835968018,83.49340057373047,24323.849609375
2024-07-08,105.01000213623047,2355.199951171875,82.33000183105469,4.269000053405762,83.47209930419922,24320.55078125
2024-07-09,105.12000274658203,2360.10009765625,81.41000366210938,4.300000190734863,83.45760345458984,24433.19921875
2024-07-10,105.05000305175781,2372.199951171875,82.0999984741211,4.28000020980835,83.49299621582031,24324.44921875
2024-07-11,104.44000244140625,2415.0,82.62000274658203,4.192999839782715,83.49590301513672,24315.94921875
2024-07-12,104.08999633789062,2414.0,82.20999908447266,4.189000129699707,83.51850128173828,24502.150390625
2024-07-15,104.19000244140625,2422.89990234375,81.91000366210938,4.229000091552734,83.52030181884766,24586.69921875
2024-07-16,104.2699966430664,2462.39990234375,80.76000213623047,4.166999816894531,83.58760070800781,24613.0
2024-07-17,103.75,2454.800048828125,82.8499984741211,4.145999908447266,83.52960205078125,24613.0
2024-07-18,104.16999816894531,2451.800048828125,82.81999969482422,4.189000129699707,83.57209777832031,24800.849609375
2024-07-19,104.4000015258789,2395.5,80.12999725341797,4.238999843597412,83.67430114746094,24530.900390625
2024-07-22,104.30999755859375,2392.0,79.77999877929688,4.260000228881836,83.73030090332031,24509.25
2024-07-23,104.44999694824219,2404.60009765625,76.95999908447266,4.238999843597412,83.67130279541016,24479.05078125
2024-07-24,104.38999938964844,2413.300048828125,77.58999633789062,4.285999774932861,83.70680236816406,24413.5
2024-07-25,104.36000061035156,2351.89990234375,78.27999877929688,4.25600004196167,83.74299621582031,24406.099609375
2024-07-26,104.31999969482422,2380.0,77.16000366210938,4.199999809265137,83.73760223388672,24834.849609375
2024-07-29,104.55999755859375,2377.300048828125,75.80999755859375,4.177999973297119,83.72779846191406,24836.099609375
2024-07-30,104.55000305175781,2405.0,74.7300033569336,4.14300012588501,83.75050354003906,24857.30078125
2024-07-31,104.0999984741211,2426.5,77.91000366210938,4.109000205993652,83.73899841308594,24951.150390625
2024-08-01,104.41999816894531,2435.0,76.30999755859375,3.9760000705718994,83.7177963256836,25010.900390625
2024-08-02,103.20999908447266,2425.699951171875,73.5199966430664,3.7920000553131104,83.743896484375,24717.69921875
2024-08-05,102.69000244140625,2401.699951171875,72.94000244140625,3.7850000858306885,83.73529815673828,24055.599609375
2024-08-06,102.97000122070312,2389.10009765625,73.19999694824219,3.888000011444092,84.00260162353516,23992.55078125
2024-08-07,103.19999694824219,2390.5,75.2300033569336,3.9679999351501465,83.93489837646484,24297.5
2024-08-08,103.20999908447266,2422.199951171875,76.19000244140625,3.996999979019165,83.94239807128906,24117.0
2024-08-09,103.13999938964844,2432.10009765625,76.83999633789062,3.941999912261963,83.98899841308594,24367.5
2024-08-12,103.13999938964844,2462.39990234375,80.05999755859375,3.9089999198913574,83.94979858398438,24347.0
2024-08-13,102.55999755859375,2466.699951171875,78.3499984741211,3.8519999980926514,83.88999938964844,24139.0
2024-08-14,102.56999969482422,2439.39990234375,76.9800033569336,3.819999933242798,83.88200378417969,24143.75
2024-08-15,102.9800033569336,2453.10009765625,78.16000366210938,3.9260001182556152,83.97149658203125,24143.75
2024-08-16,102.45999908447266,2498.60009765625,76.6500015258789,3.8919999599456787,83.94830322265625,24541.150390625
2024-08-19,101.88999938964844,2501.800048828125,74.37000274658203,3.867000102996826,83.88980102539062,24572.650390625
2024-08-20,101.44000244140625,2511.300048828125,74.04000091552734,3.818000078201294,83.87860107421875,24698.849609375
2024-08-21,101.04000091552734,2508.39990234375,71.93000030517578,3.7780001163482666,83.77940368652344,24770.19921875
2024-08-22,101.51000213623047,2478.89990234375,73.01000213623047,3.861999988555908,83.88860321044922,24811.5
2024-08-23,100.72000122070312,2508.39990234375,74.83000183105469,3.806999921798706,83.94059753417969,24823.150390625
2024-08-26,100.8499984741211,2517.699951171875,77.41999816894531,3.818000078201294,83.81379699707031,25010.599609375
2024-08-27,100.55000305175781,2516.0,75.52999877929688,3.8329999446868896,83.88369750976562,25017.75
2024-08-28,101.08999633789062,2501.0,74.5199966430664,3.8410000801086426,83.92160034179688,25052.349609375
2024-08-29,101.33999633789062,2525.699951171875,75.91000366210938,3.867000102996826,83.94149780273438,25151.94921875
2024-08-30,101.69999694824219,2493.800048828125,73.55000305175781,3.9110000133514404,83.89510345458984,25235.900390625
2024-09-02,101.69999694824219,2493.800048828125,73.55000305175781,3.9110000133514404,83.86380004882812,25278.69921875
2024-09-03,101.83000183105469,2489.89990234375,70.33999633789062,3.8440001010894775,83.92729949951172,25279.849609375
2024-09-04,101.36000061035156,2493.39990234375,69.19999694824219,3.7679998874664307,83.95030212402344,25198.69921875
2024-09-05,101.11000061035156,2511.39990234375,69.1500015258789,3.7309999465942383,83.98249816894531,25145.099609375
2024-09-06,101.18000030517578,2493.5,67.66999816894531,3.7100000381469727,83.98359680175781,24852.150390625
2024-09-09,101.55000305175781,2501.800048828125,68.70999908447266,3.697000026702881,83.98259735107422,24936.400390625
2024-09-10,101.62999725341797,2512.300048828125,65.75,3.6459999084472656,83.98090362548828,25041.099609375
2024-09-11,101.68000030517578,2512.10009765625,67.30999755859375,3.6530001163482666,83.98200225830078,24918.44921875
2024-09-12,101.37000274658203,2551.199951171875,68.97000122070312,3.680000066757202,83.99259948730469,25388.900390625
2024-09-13,101.11000061035156,2581.300048828125,68.6500015258789,3.6500000953674316,83.93479919433594,25356.5
2024-09-16,100.76000213623047,2580.39990234375,70.08999633789062,3.621000051498413,83.88480377197266,25383.75
2024-09-17,100.88999938964844,2564.300048828125,71.19000244140625,3.6419999599456787,83.88400268554688,25418.55078125
2024-09-18,100.5999984741211,2570.699951171875,70.91000366210938,3.684999942779541,83.77059936523438,25377.55078125
2024-09-19,100.61000061035156,2588.0,71.94999694824219,3.740000009536743,83.69170379638672,25415.80078125
2024-09-20,100.72000122070312,2619.89990234375,71.91999816894531,3.7279999256134033,83.61470031738281,25790.94921875
2024-09-23,100.91999816894531,2626.5,70.37000274658203,3.739000082015991,83.48709869384766,25939.05078125
2024-09-24,100.37000274658203,2651.199951171875,71.55999755859375,3.7360000610351562,83.55960083007812,25940.400390625
2024-09-25,100.91999816894531,2659.199951171875,69.69000244140625,3.7809998989105225,83.56759643554688,26004.150390625
2024-09-26,100.55999755859375,2669.89990234375,67.66999816894531,3.7909998893737793,83.62409973144531,26216.05078125
2024-09-27,100.41999816894531,2644.300048828125,68.18000030517578,3.749000072479248,83.61710357666016,26178.94921875
2024-09-30,100.77999877929688,2636.10009765625,68.16999816894531,3.802000045776367,83.71640014648438,25810.849609375
2024-10-01,101.19000244140625,2667.300048828125,69.83000183105469,3.743000030517578,83.82730102539062,25796.900390625
2024-10-02,101.68000030517578,2647.10009765625,70.0999984741211,3.7850000858306885,83.87210083007812,25796.900390625
2024-10-03,101.98999786376953,2657.10009765625,73.70999908447266,3.8499999046325684,83.91960144042969,25250.099609375
2024-10-04,102.5199966430664,2645.800048828125,74.37999725341797,3.9809999465942383,84.0093994140625,25014.599609375
2024-10-07,102.54000091552734,2644.800048828125,77.13999938964844,4.026000022888184,84.02780151367188,24795.75
2024-10-08,102.55000305175781,2615.0,73.56999969482422,4.0329999923706055,83.96410369873047,25013.150390625
2024-10-09,102.93000030517578,2606.0,73.23999786376953,4.066999912261963,83.91459655761719,24981.94921875
2024-10-10,102.98999786376953,2620.60009765625,75.8499984741211,4.0960001945495605,83.94219970703125,24998.44921875
2024-10-11,102.88999938964844,2657.60009765625,75.55999755859375,4.072999954223633,83.94599914550781,24964.25
2024-10-14,103.30000305175781,2647.800048828125,73.83000183105469,4.0980000495910645,84.16829681396484,25127.94921875
2024-10-15,103.26000213623047,2661.39990234375,70.58000183105469,4.038000106811523,84.04850006103516,25057.349609375
2024-10-16,103.58999633789062,2674.0,70.38999938964844,4.015999794006348,84.05619812011719,24971.30078125
2024-10-17,103.83000183105469,2691.0,70.66999816894531,4.0960001945495605,84.03929901123047,24749.849609375
2024-10-18,103.48999786376953,2713.699951171875,69.22000122070312,4.072999954223633,84.05380249023438,24854.05078125
2024-10-21,104.01000213623047,2723.10009765625,70.55999755859375,4.182000160217285,84.0687026977539,24781.099609375
2024-10-22,104.08000183105469,2744.199951171875,72.08999633789062,4.203999996185303,84.07350158691406,24472.099609375
2024-10-23,104.43000030517578,2714.39990234375,70.7699966430664,4.242000102996826,84.08399963378906,24435.5
2024-10-24,104.05999755859375,2734.89990234375,70.19000244140625,4.199999809265137,84.06759643554688,24399.400390625
2024-10-25,104.26000213623047,2740.89990234375,71.77999877929688,4.23199987411499,84.08180236816406,24180.80078125
2024-10-28,104.31999969482422,2742.89990234375,67.37999725341797,4.2779998779296875,84.10199737548828,24339.150390625
2024-10-29,104.27999877929688,2768.39990234375,67.20999908447266,4.27400016784668,84.10279846191406,24466.849609375
2024-10-30,103.98999786376953,2788.5,68.61000061035156,4.265999794006348,84.08930206298828,24340.849609375
2024-10-31,103.9800033569336,2738.300048828125,69.26000213623047,4.283999919891357,84.08910369873047,24205.349609375
2024-11-01,104.27999877929688,2738.60009765625,69.48999786376953,4.361000061035156,84.09149932861328,24304.349609375
2024-11-04,103.88999938964844,2736.10009765625,71.47000122070312,4.309000015258789,84.13359832763672,23995.349609375
2024-11-05,103.41999816894531,2740.300048828125,71.98999786376953,4.289000034332275,84.15249633789062,24213.30078125
2024-11-06,105.08999633789062,2667.60009765625,71.69000244140625,4.426000118255615,84.11630249023438,24484.05078125
2024-11-07,104.51000213623047,2698.39990234375,72.36000061035156,4.341000080108643,84.2511978149414,24199.349609375
2024-11-08,105.0,2687.5,70.37999725341797,4.306000232696533,84.306396484375,24148.19921875
2024-11-11,105.54000091552734,2611.199951171875,68.04000091552734,4.308000087738037,84.38289642333984,24141.30078125
2024-11-12,106.0199966430664,2600.0,68.12000274658203,4.432000160217285,84.39649963378906,23883.44921875
2024-11-13,106.4800033569336,2580.800048828125,68.43000030517578,4.451000213623047,84.39530181884766,23559.05078125
2024-11-14,106.66999816894531,2568.199951171875,68.69999694824219,4.418000221252441,84.4229965209961,23532.69921875
2024-11-15,106.69000244140625,2565.699951171875,67.0199966430664,4.427999973297119,84.47380065917969,23532.69921875
2024-11-18,106.27999877929688,2610.60009765625,69.16000366210938,4.414000034332275,84.47750091552734,23453.80078125
2024-11-19,106.20999908447266,2627.10009765625,69.38999938964844,4.379000186920166,84.39849853515625,23518.5
2024-11-20,106.68000030517578,2648.199951171875,68.87000274658203,4.406000137329102,84.39759826660156,23518.5
2024-11-21,106.97000122070312,2672.10009765625,70.0999984741211,4.432000160217285,84.38310241699219,23349.900390625
2024-11-22,107.48999786376953,2709.89990234375,71.23999786376953,4.409999847412109,84.48829650878906,23907.25
2024-11-25,106.81999969482422,2616.800048828125,68.94000244140625,4.264999866485596,84.43599700927734,24221.900390625
2024-11-26,107.01000213623047,2620.300048828125,68.7699966430664,4.302000045776367,84.37750244140625,24194.5
2024-11-27,106.08000183105469,2639.89990234375,68.72000122070312,4.242000102996826,84.33910369873047,24274.900390625
2024-11-28,106.08000183105469,2639.89990234375,68.72000122070312,4.242000102996826,84.42030334472656,23914.150390625
2024-11-29,105.73999786376953,2657.0,68.0,4.177999973297119,84.47160339355469,24131.099609375
2024-12-02,106.44999694824219,2634.89990234375,68.0999984741211,4.196000099182129,84.55699920654297,24276.05078125
2024-12-03,106.37000274658203,2644.699951171875,69.94000244140625,4.2230000495910645,84.73709869384766,24457.150390625
2024-12-04,106.33999633789062,2653.800048828125,68.54000091552734,4.179999828338623,84.68309783935547,24467.44921875
2024-12-05,105.70999908447266,2626.60009765625,68.30000305175781,4.179999828338623,84.70700073242188,24708.400390625
2024-12-06,105.97000122070312,2638.60009765625,67.19999694824219,4.151000022888184,84.68379974365234,24677.80078125
2024-12-09,106.1500015258789,2664.89990234375,68.37000274658203,4.198999881744385,84.66600036621094,24619.0
2024-12-10,106.4000015258789,2697.60009765625,68.58999633789062,4.2210001945495605,84.84729766845703,24610.05078125
2024-12-11,106.70999908447266,2733.800048828125,70.29000091552734,4.270999908447266,84.8740005493164,24641.80078125
2024-12-12,106.95999908447266,2687.5,70.0199966430664,4.323999881744385,84.85710144042969,24548.69921875
2024-12-13,107.0,2656.0,71.29000091552734,4.39900016784668,84.83920288085938,24768.30078125
2024-12-16,106.86000061035156,2651.39990234375,70.70999908447266,4.396999835968018,84.802001953125,24668.25
2024-12-17,106.95999908447266,2644.39990234375,70.08000183105469,4.385000228881836,84.91729736328125,24336.0
2024-12-18,108.02999877929688,2636.5,70.58000183105469,4.49399995803833,84.91539764404297,24198.849609375
2024-12-19,108.41000366210938,2592.199951171875,69.91000366210938,4.570000171661377,85.16549682617188,23951.69921875
2024-12-20,107.62000274658203,2628.699951171875,69.45999908447266,4.52400016784668,85.27940368652344,23587.5
2024-12-23,108.04000091552734,2612.300048828125,69.23999786376953,4.598999977111816,84.94499969482422,23753.44921875
2024-12-24,108.26000213623047,2620.0,70.0999984741211,4.591000080108643,85.0988998413086,23727.650390625
2024-12-25,108.26000213623047,2620.0,70.0999984741211,4.591000080108643,85.18150329589844,23727.650390625
2024-12-26,108.12999725341797,2638.800048828125,69.62000274658203,4.578999996185303,85.41339874267578,23750.19921875
2024-12-27,108.0,2617.199951171875,70.5999984741211,4.61899995803833,85.26090240478516,23813.400390625
2024-12-30,108.12999725341797,2606.10009765625,70.98999786376953,4.545000076293945,85.38600158691406,23644.900390625
2024-12-31,108.48999786376953,2629.199951171875,71.72000122070312,4.572999954223633,85.7865982055664,23644.80078125
2025-01-01,108.48999786376953,2629.199951171875,71.72000122070312,4.572999954223633,85.7865982055664,23742.900390625
2025-01-02,109.38999938964844,2658.89990234375,73.12999725341797,4.574999809265137,85.78569793701172,24188.650390625
2025-01-03,108.94999694824219,2645.0,73.95999908447266,4.5960001945495605,85.80400085449219,24004.75
2025-01-06,108.26000213623047,2638.39990234375,73.55999755859375,4.618000030517578,85.75900268554688,23616.05078125
2025-01-07,108.54000091552734,2656.699951171875,74.25,4.683000087738037,85.68070220947266,23707.900390625
2025-01-08,109.08999633789062,2664.5,73.31999969482422,4.692999839782715,85.80650329589844,23688.94921875
2025-01-09,109.18000030517578,2683.800048828125,73.91999816894531,4.692999839782715,85.90750122070312,23526.5
2025-01-10,109.6500015258789,2708.5,76.56999969482422,4.776000022888184,85.91999816894531,23431.5
2025-01-13,109.95999908447266,2673.5,78.81999969482422,4.802999973297119,86.18800354003906,23085.94921875
2025-01-14,109.2699966430664,2677.5,77.5,4.788000106811523,86.65059661865234,23176.05078125
2025-01-15,109.08999633789062,2712.5,80.04000091552734,4.6529998779296875,86.535400390625,23213.19921875
2025-01-16,108.95999908447266,2746.39990234375,78.68000030517578,4.605999946594238,86.43099975585938,23311.80078125
2025-01-17,109.3499984741211,2744.300048828125,77.87999725341797,4.609000205993652,86.6061019897461,23203.19921875
2025-01-20,109.3499984741211,2744.300048828125,77.87999725341797,4.609000205993652,86.56900024414062,23344.75
2025-01-21,108.05999755859375,2755.0,75.88999938964844,4.573999881744385,86.21109771728516,23024.650390625
2025-01-22,108.16999816894531,2767.60009765625,75.44000244140625,4.598999977111816,86.45189666748047,23155.349609375
2025-01-23,108.05000305175781,2763.10009765625,74.62000274658203,4.638000011444092,86.47270202636719,23205.349609375
2025-01-24,107.44000244140625,2777.300048828125,74.66000366210938,4.625999927520752,86.44020080566406,23092.19921875
2025-01-27,107.33999633789062,2737.5,73.16999816894531,4.5279998779296875,86.2030029296875,22829.150390625
2025-01-28,107.87000274658203,2766.800048828125,73.7699966430664,4.551000118255615,86.46839904785156,22957.25
2025-01-29,108.0,2769.10009765625,72.62000274658203,4.554999828338623,86.58460235595703,23163.099609375
2025-01-30,107.80000305175781,2823.0,72.7300033569336,4.51200008392334,86.6406021118164,23249.5
2025-01-31,108.37000274658203,2812.5,72.52999877929688,4.568999767303467,86.64700317382812,23508.400390625
2025-02-01,108.37000274658203,2812.5,72.52999877929688,4.568999767303467,86.64700317382812,23482.150390625
2025-02-03,108.98999786376953,2833.89990234375,73.16000366210938,4.543000221252441,86.55400085449219,23361.05078125
2025-02-04,107.95999908447266,2853.300048828125,72.69999694824219,4.513000011444092,86.94339752197266,23739.25
2025-02-05,107.58000183105469,2871.60009765625,71.02999877929688,4.421999931335449,87.13009643554688,23696.30078125
2025-02-06,107.69000244140625,2856.0,70.61000061035156,4.440000057220459,87.33409881591797,23603.349609375
2025-02-07,108.04000091552734,2867.300048828125,71.0,4.486999988555908,87.58830261230469,23559.94921875
2025-02-10,108.31999969482422,2914.300048828125,72.31999969482422,4.493000030517578,87.51309967041016,23381.599609375
2025-02-11,107.95999908447266,2912.5,73.31999969482422,4.5370001792907715,87.49009704589844,23071.80078125
2025-02-12,107.94000244140625,2909.0,71.37000274658203,4.63700008392334,86.81120300292969,23045.25
2025-02-13,107.30999755859375,2925.89990234375,71.29000091552734,4.525000095367432,86.8740005493164,23031.400390625
2025-02-14,106.56999969482422,2883.60009765625,70.73999786376953,4.4720001220703125,86.75409698486328,22929.25
2025-02-17,106.56999969482422,2883.60009765625,70.73999786376953,4.4720001220703125,86.43460083007812,22959.5
2025-02-18,107.05000305175781,2931.60009765625,71.8499984741211,4.544000148773193,86.85479736328125,22945.30078125
2025-02-19,107.16999816894531,2919.39990234375,72.25,4.534999847412109,86.88719940185547,22932.900390625
2025-02-20,106.33999633789062,2940.0,72.56999969482422,4.5,86.872802734375,22913.150390625
2025-02-21,106.61000061035156,2937.60009765625,70.4000015258789,4.420000076293945,86.45120239257812,22795.900390625
2025-02-24,106.5999984741211,2947.89990234375,70.69999694824219,4.39300012588501,86.52940368652344,22553.349609375
2025-02-25,106.30999755859375,2904.5,68.93000030517578,4.297999858856201,86.69010162353516,22547.55078125
2025-02-26,106.41999816894531,2916.800048828125,68.62000274658203,4.249000072479248,87.0811996459961,22547.55078125
2025-02-27,107.23999786376953,2883.199951171875,70.3499984741211,4.284999847412109,87.16220092773438,22545.05078125
2025-02-28,107.61000061035156,2836.800048828125,69.76000213623047,4.230999946594238,87.3270034790039,22124.69921875
2025-03-03,106.75,2890.199951171875,68.37000274658203,4.179999828338623,87.46399688720703,22119.30078125
2025-03-04,105.73999786376953,2909.60009765625,68.26000213623047,4.210000038146973,87.32959747314453,22082.650390625
2025-03-05,105.73999786376953,2915.300048828125,66.30999755859375,4.264999866485596,87.21700286865234,22337.30078125
2025-03-06,104.05999755859375,2916.60009765625,66.36000061035156,4.285999774932861,86.88929748535156,22544.69921875
2025-03-07,103.83999633789062,2904.699951171875,67.04000091552734,4.316999912261963,87.12879943847656,22552.5
2025-03-10,103.91000366210938,2891.0,66.02999877929688,4.2129998207092285,87.07379913330078,22460.30078125
2025-03-11,103.44000244140625,2912.89990234375,66.25,4.288000106811523,87.3551025390625,22497.900390625
2025-03-12,103.61000061035156,2939.10009765625,67.68000030517578,4.317999839782715,87.20010375976562,22470.5
2025-03-13,103.83000183105469,2984.300048828125,66.55000305175781,4.27400016784668,87.3405990600586,22397.19921875
2025-03-14,103.72000122070312,2994.5,67.18000030517578,4.308000087738037,86.9220962524414,22397.19921875
2025-03-17,103.37000274658203,3000.0,67.58000183105469,4.306000232696533,86.93900299072266,22508.75
2025-03-18,103.23999786376953,3035.10009765625,66.9000015258789,4.281000137329102,86.91639709472656,22834.30078125
2025-03-19,103.43000030517578,3035.89990234375,67.16000366210938,4.25600004196167,86.57610321044922,22907.599609375
2025-03-20,103.8499984741211,3040.0,68.26000213623047,4.232999801635742,86.33709716796875,23190.650390625
2025-03-21,104.08999633789062,3018.199951171875,68.27999877929688,4.251999855041504,86.33609771728516,23350.400390625
2025-03-24,104.26000213623047,3013.10009765625,69.11000061035156,4.330999851226807,85.98699951171875,23658.349609375
2025-03-25,104.18000030517578,3023.699951171875,69.0,4.307000160217285,85.53209686279297,23668.650390625
2025-03-26,104.55000305175781,3020.89990234375,69.6500015258789,4.3379998207092285,85.59040069580078,23486.849609375
2025-03-27,104.06999969482422,3060.199951171875,69.91999816894531,4.36899995803833,86.09539794921875,23591.94921875
2025-03-28,104.04000091552734,3086.5,69.36000061035156,4.255000114440918,85.69490051269531,23519.349609375
2025-03-31,104.20999908447266,3122.800048828125,71.4800033569336,4.245999813079834,85.53880310058594,23519.349609375
2025-04-01,104.26000213623047,3118.89990234375,71.19999694824219,4.156000137329102,85.46810150146484,23165.69921875
2025-04-02,103.80999755859375,3139.89990234375,71.70999908447266,4.196000099182129,85.61009979248047,23332.349609375
2025-04-03,102.06999969482422,3097.0,66.94999694824219,4.054999828338623,85.65119934082031,23250.099609375
2025-04-04,103.0199966430664,3012.0,61.9900016784668,3.984999895095825,85.28289794921875,22904.44921875
2025-04-07,103.26000213623047,2951.300048828125,60.70000076293945,4.15500020980835,85.529296875,22161.599609375
2025-04-08,102.95999908447266,2968.39990234375,59.58000183105469,4.26200008392334,86.0270004272461,22535.849609375
2025-04-09,102.9000015258789,3056.5,62.349998474121094,4.400000095367432,86.435302734375,22399.150390625
2025-04-10,100.87000274658203,3155.199951171875,60.06999969482422,4.394000053405762,86.20929718017578,22399.150390625
2025-04-11,99.77999877929688,3222.199951171875,61.5,4.493000030517578,86.2603988647461,22828.55078125
2025-04-14,99.63999938964844,3204.800048828125,61.529998779296875,4.363999843597412,86.19300079345703,22828.55078125
2025-04-15,100.22000122070312,3218.699951171875,61.33000183105469,4.322999954223633,86.0447998046875,23328.55078125
2025-04-16,99.37999725341797,3326.60009765625,62.470001220703125,4.2789998054504395,85.72669982910156,23437.19921875
2025-04-17,99.37999725341797,3308.699951171875,64.68000030517578,4.333000183105469,85.62049865722656,23851.650390625
2025-04-21,98.27999877929688,3406.199951171875,63.08000183105469,4.40500020980835,85.62049865722656,24125.55078125
2025-04-22,98.91999816894531,3400.800048828125,64.30999755859375,4.388999938964844,85.15889739990234,24167.25
2025-04-23,99.83999633789062,3276.300048828125,62.27000045776367,4.38700008392334,85.2323989868164,24328.94921875
2025-04-24,99.29000091552734,3332.0,62.790000915527344,4.304999828338623,85.4999008178711,24246.69921875
2025-04-25,99.47000122070312,3282.39990234375,63.02000045776367,4.265999794006348,85.2573013305664,24039.349609375
2025-04-28,99.01000213623047,3332.5,62.04999923706055,4.216000080108643,85.38490295410156,24328.5
2025-04-29,99.23999786376953,3318.800048828125,60.41999816894531,4.172999858856201,85.1603012084961,24335.94921875
2025-04-30,99.47000122070312,3305.0,58.209999084472656,4.177000045776367,85.1707992553711,24334.19921875
2025-05-01,100.25,3210.0,59.2400016784668,4.230999946594238,84.53119659423828,24334.19921875
2025-05-02,100.0,3231.89990234375,58.290000915527344,4.322000026702881,84.69670104980469,24346.69921875
2025-05-05,99.83000183105469,3311.300048828125,57.130001068115234,4.3429999351501465,84.52629852294922,24461.150390625
2025-05-06,99.23999786376953,3411.39990234375,59.09000015258789,4.308000087738037,84.2208023071289,24379.599609375
2025-05-07,99.61000061035156,3381.39990234375,58.06999969482422,4.275000095367432,84.79319763183594,24414.400390625
2025-05-08,100.63999938964844,3296.60009765625,59.90999984741211,4.373000144958496,84.81719970703125,24273.80078125
2025-05-09,100.33999633789062,3335.39990234375,61.02000045776367,4.375,86.08219909667969,24008.0
2025-05-12,101.79000091552734,3220.0,61.95000076293945,4.456999778747559,85.4083023071289,24924.69921875
2025-05-13,101.0,3240.300048828125,63.66999816894531,4.499000072479248,84.9656982421875,24578.349609375
2025-05-14,101.04000091552734,3181.39990234375,63.150001525878906,4.5279998779296875,85.060302734375,24666.900390625
2025-05-15,100.87999725341797,3220.699951171875,61.619998931884766,4.454999923706055,85.48760223388672,25062.099609375
2025-05-16,101.08999633789062,3182.0,62.4900016784668,4.440999984741211,85.44490051269531,25019.80078125
2025-05-19,100.43000030517578,3228.89990234375,62.689998626708984,4.474999904632568,85.50029754638672,24945.44921875
2025-05-20,100.12000274658203,3280.300048828125,62.560001373291016,4.480999946594238,85.37210083007812,24683.900390625
2025-05-21,99.55999755859375,3309.300048828125,61.56999969482422,4.5960001945495605,85.53610229492188,24813.44921875
2025-05-22,99.95999908447266,3292.300048828125,61.20000076293945,4.552999973297119,85.60030364990234,24609.69921875
2025-05-23,99.11000061035156,3363.60009765625,61.529998779296875,4.508999824523926,85.97489929199219,24853.150390625
2025-05-26,98.93000030517578,3363.60009765625,61.529998779296875,4.508999824523926,85.19930267333984,25001.150390625
2025-05-27,99.5199966430664,3299.10009765625,60.88999938964844,4.434000015258789,85.158203125,24826.19921875
2025-05-28,99.87999725341797,3293.60009765625,61.84000015258789,4.4770002365112305,85.3604965209961,24752.44921875
2025-05-29,99.27999877929688,3317.10009765625,60.939998626708984,4.423999786376953,85.38590240478516,24833.599609375
2025-05-30,99.33000183105469,3288.89990234375,60.790000915527344,4.415999889373779,85.36129760742188,24750.69921875
2025-06-02,98.69999694824219,3370.60009765625,62.52000045776367,4.461999893188477,85.52429962158203,24716.599609375
2025-06-03,99.25,3350.199951171875,63.40999984741211,4.460000038146973,85.36370086669922,24542.5
2025-06-04,98.79000091552734,3373.5,62.849998474121094,4.364999771118164,85.70880126953125,24620.19921875
2025-06-05,98.73999786376953,3350.699951171875,63.369998931884766,4.394000053405762,85.9041976928711,24750.900390625
2025-06-06,99.19000244140625,3322.699951171875,64.58000183105469,4.510000228881836,85.87750244140625,25003.05078125
2025-06-09,98.94000244140625,3332.10009765625,65.29000091552734,4.48199987411499,85.7853012084961,25103.19921875
2025-06-10,99.05000305175781,3320.89990234375,64.9800033569336,4.473999977111816,85.75599670410156,25104.25
2025-06-11,98.62999725341797,3321.300048828125,68.1500015258789,4.4120001792907715,85.65280151367188,25141.400390625
2025-06-12,97.91999816894531,3380.89990234375,68.04000091552734,4.35699987411499,85.46980285644531,24888.19921875
2025-06-13,98.18000030517578,3431.199951171875,72.9800033569336,4.423999786376953,85.68840026855469,24718.599609375
2025-06-16,98.0,3396.39990234375,71.7699966430664,4.452000141143799,86.24919891357422,24946.5
2025-06-17,98.81999969482422,3386.60009765625,74.83999633789062,4.39300012588501,86.10420227050781,24853.400390625
2025-06-18,98.91000366210938,3389.800048828125,75.13999938964844,4.396999835968018,86.36270141601562,24812.05078125
2025-06-19,98.91000366210938,3389.800048828125,75.13999938964844,4.396999835968018,86.61360168457031,24793.25
2025-06-20,98.70999908447266,3368.10009765625,74.93000030517578,4.375,86.58380126953125,25112.400390625
2025-06-23,98.41999816894531,3377.699951171875,68.51000213623047,4.320000171661377,86.5802993774414,24971.900390625
2025-06-24,97.86000061035156,3317.39990234375,64.37000274658203,4.293000221252441,86.23300170898438,25044.349609375
2025-06-25,97.68000030517578,3327.10009765625,64.91999816894531,4.293000221252441,85.90480041503906,25244.75
2025-06-26,97.1500015258789,3333.5,65.23999786376953,4.252999782562256,86.006103515625,25549.0
2025-06-27,97.4000015258789,3273.699951171875,65.5199966430664,4.2829999923706055,85.66639709472656,25637.80078125
2025-06-30,96.87999725341797,3294.39990234375,65.11000061035156,4.230000019073486,85.4552993774414,25517.05078125
2025-07-01,96.81999969482422,3336.699951171875,65.44999694824219,4.250999927520752,85.71399688720703,25541.80078125
2025-07-02,96.77999877929688,3348.0,67.44999694824219,4.293000221252441,85.6427993774414,25453.400390625
2025-07-03,97.18000030517578,3331.60009765625,67.0,4.3480000495910645,85.69409942626953,25405.30078125
2025-07-04,97.18000030517578,3332.5,66.5,4.3480000495910645,85.31909942626953,25461.0
2025-07-07,97.4800033569336,3332.199951171875,67.93000030517578,4.394999980926514,85.49629974365234,25461.30078125
2025-07-08,97.51000213623047,3307.0,68.33000183105469,4.414999961853027,85.89199829101562,25522.5
2025-07-09,97.47000122070312,3311.60009765625,68.37999725341797,4.3420000076293945,85.7073974609375,25476.099609375
2025-07-10,97.6500015258789,3317.39990234375,66.56999969482422,4.3460001945495605,85.70850372314453,25355.25
2025-07-11,97.8499984741211,3356.0,68.44999694824219,4.422999858856201,85.73480224609375,25149.849609375
2025-07-14,98.08000183105469,3351.5,66.9800033569336,4.427000045776367,85.82129669189453,25082.30078125
2025-07-15,98.62000274658203,3329.800048828125,66.5199966430664,4.488999843597412,85.96839904785156,25195.80078125
2025-07-16,98.38999938964844,3352.5,66.37999725341797,4.454999923706055,85.99310302734375,25212.05078125
2025-07-17,98.7300033569336,3340.10009765625,67.54000091552734,4.4629998207092285,85.88520050048828,25111.44921875
2025-07-18,98.4800033569336,3353.0,67.33999633789062,4.432000160217285,86.04650115966797,24968.400390625
2025-07-21,97.8499984741211,3401.89990234375,67.19999694824219,4.372000217437744,86.14859771728516,25090.69921875
2025-07-22,97.38999938964844,3439.199951171875,66.20999908447266,4.335999965667725,86.19529724121094,25060.900390625
2025-07-23,97.20999908447266,3394.10009765625,65.25,4.388000011444092,86.3427963256836,25219.900390625
2025-07-24,97.37999725341797,3371.0,66.02999877929688,4.4079999923706055,86.39869689941406,25062.099609375
2025-07-25,97.6500015258789,3334.0,65.16000366210938,4.386000156402588,86.4302978515625,24837.0
2025-07-28,98.66000366210938,3309.10009765625,66.70999908447266,4.420000076293945,86.506103515625,24680.900390625
2025-07-29,98.91000366210938,3323.39990234375,69.20999908447266,4.329999923706055,86.77760314941406,24821.099609375
2025-07-30,99.94000244140625,3295.800048828125,70.0,4.375999927520752,87.06320190429688,24855.05078125
2025-07-31,100.02999877929688,3293.199951171875,69.26000213623047,4.360000133514404,87.714599609375,24768.349609375
2025-08-01,98.69000244140625,3347.699951171875,67.33000183105469,4.21999979019165,87.4894027709961,24565.349609375
2025-08-04,98.77999877929688,3374.39990234375,66.29000091552734,4.199999809265137,87.24530029296875,24722.75
2025-08-05,98.77999877929688,3381.89990234375,65.16000366210938,4.196000099182129,87.89330291748047,24649.55078125
2025-08-06,98.18000030517578,3380.0,64.3499984741211,4.21999979019165,87.72309875488281,24574.19921875
2025-08-07,98.4000015258789,3400.300048828125,63.880001068115234,4.24399995803833,87.76249694824219,24596.150390625
2025-08-08,98.18000030517578,3439.10009765625,63.880001068115234,4.284999847412109,87.43319702148438,24363.30078125
2025-08-11,98.5199966430664,3353.10009765625,63.959999084472656,4.2729997634887695,87.48829650878906,24585.05078125
2025-08-12,98.0999984741211,3348.89990234375,63.16999816894531,4.293000221252441,87.66449737548828,24487.400390625
2025-08-13,97.83999633789062,3358.699951171875,62.650001525878906,4.23799991607666,87.59559631347656,24619.349609375
2025-08-14,98.25,3335.199951171875,63.959999084472656,4.293000221252441,87.44999694824219,24631.30078125
2025-08-15,97.8499984741211,3336.0,62.79999923706055,4.328000068664551,87.69180297851562,24631.30078125
2025-08-18,98.16999816894531,3331.699951171875,63.41999816894531,4.341000080108643,87.51280212402344,24876.94921875
2025-08-19,98.2699966430664,3313.39990234375,62.349998474121094,4.302000045776367,87.29509735107422,24980.650390625
2025-08-20,98.22000122070312,3343.39990234375,63.209999084472656,4.296000003814697,87.0791015625,25050.55078125
2025-08-21,98.62000274658203,3336.89990234375,63.52000045776367,4.329999923706055,87.01820373535156,25083.75
2025-08-22,97.72000122070312,3374.39990234375,63.65999984741211,4.260000228881836,87.29340362548828,24870.099609375
2025-08-25,98.43000030517578,3373.800048828125,64.80000305175781,4.275000095367432,87.3301010131836,24967.75
2025-08-26,98.2300033569336,3388.60009765625,63.25,4.257999897003174,87.60859680175781,24712.05078125
2025-08-27,98.2300033569336,3404.60009765625,64.1500015258789,4.23799991607666,87.60070037841797,24712.05078125
2025-08-28,97.80999755859375,3431.800048828125,64.5999984741211,4.206999778747559,87.65910339355469,24500.900390625
2025-08-29,97.7699966430664,3473.699951171875,64.01000213623047,4.2270002365112305,87.5916976928711,24426.849609375
2025-09-01,97.7699966430664,3473.699951171875,64.01000213623047,4.2270002365112305,88.17430114746094,24625.05078125
2025-09-02,98.4000015258789,3549.39990234375,65.58999633789062,4.2769999504089355,88.00140380859375,24579.599609375
2025-09-03,98.13999938964844,3593.199951171875,63.970001220703125,4.210999965667725,87.99829864501953,24715.05078125
2025-09-04,98.3499984741211,3565.800048828125,63.47999954223633,4.176000118255615,88.072998046875,24734.30078125
2025-09-05,97.7699966430664,3613.199951171875,61.869998931884766,4.085999965667725,88.19290161132812,24741.0
2025-09-08,97.44999694824219,3638.10009765625,62.2599983215332,4.046000003814697,88.1863021850586,24773.150390625
2025-09-09,97.79000091552734,3643.300048828125,62.630001068115234,4.073999881744385,87.98049926757812,24868.599609375
2025-09-10,97.77999877929688,3643.60009765625,63.66999816894531,4.0320000648498535,88.21829986572266,24973.099609375
2025-09-11,97.54000091552734,3636.89990234375,62.369998931884766,4.011000156402588,88.05339813232422,25005.5
2025-09-12,97.55000305175781,3649.39990234375,62.689998626708984,4.060999870300293,88.2676010131836,25114.0
2025-09-15,97.30000305175781,3682.199951171875,63.29999923706055,4.033999919891357,88.27729797363281,25069.19921875
2025-09-16,96.62999725341797,3688.89990234375,64.5199966430664,4.026000022888184,88.12349700927734,25239.099609375
2025-09-17,96.87000274658203,3681.800048828125,64.05000305175781,4.076000213623047,87.88459777832031,25330.25
2025-09-18,97.3499984741211,3643.699951171875,63.56999969482422,4.104000091552734,87.91069793701172,25423.599609375
2025-09-19,97.63999938964844,3671.5,62.68000030517578,4.138999938964844,88.20690155029297,25327.05078125
2025-09-22,97.33000183105469,3740.699951171875,62.63999938964844,4.14300012588501,88.09919738769531,25202.349609375
2025-09-23,97.26000213623047,3780.60009765625,63.40999984741211,4.119999885559082,88.30439758300781,25169.5
2025-09-24,97.87000274658203,3732.10009765625,64.98999786376953,4.146999835968018,88.80799865722656,25056.900390625
2025-09-25,98.55000305175781,3736.89990234375,64.9800033569336,4.171999931335449,88.77860260009766,24890.849609375
2025-09-26,98.1500015258789,3775.300048828125,65.72000122070312,4.186999797821045,88.77310180664062,24654.69921875
2025-09-29,97.91000366210938,3820.89990234375,63.45000076293945,4.140999794006348,88.67680358886719,24634.900390625
2025-09-30,97.7699966430664,3840.800048828125,62.369998931884766,4.1479997634887695,88.70449829101562,24611.099609375
2025-10-01,97.70999908447266,3867.5,61.779998779296875,4.105999946594238,88.8406982421875,24836.30078125
2025-10-02,97.8499984741211,3839.699951171875,60.47999954223633,4.0879998207092285,88.68299865722656,24836.30078125
2025-10-03,97.72000122070312,3880.800048828125,60.880001068115234,4.11899995803833,88.72019958496094,24894.25
2025-10-06,98.11000061035156,3948.5,61.689998626708984,4.1620001792907715,88.73509979248047,25077.650390625
2025-10-07,98.58000183105469,3976.60009765625,61.72999954223633,4.126999855041504,88.72109985351562,25108.30078125
2025-10-08,98.8499984741211,4043.300048828125,62.54999923706055,4.129000186920166,88.74259948730469,25046.150390625
2025-10-09,99.54000091552734,3946.300048828125,61.5099983215332,4.1479997634887695,88.7771987915039,25181.80078125
2025-10-10,98.9800033569336,3975.89990234375,58.900001525878906,4.051000118255615,88.86540222167969,25285.349609375
2025-10-13,99.2699966430664,4108.60009765625,59.4900016784668,4.051000118255615,88.7573013305664,25227.349609375
2025-10-14,99.05000305175781,4138.7001953125,58.70000076293945,4.021999835968018,88.66510009765625,25145.5
2025-10-15,98.79000091552734,4176.89990234375,58.27000045776367,4.046000003814697,88.78250122070312,25323.55078125
2025-10-16,98.38999938964844,4280.2001953125,57.459999084472656,3.9760000705718994,87.80950164794922,25585.30078125
2025-10-17,98.43000030517578,4189.89990234375,57.540000915527344,4.006999969482422,87.9906997680664,25709.849609375
2025-10-20,98.58999633789062,4336.39990234375,57.52000045776367,3.9860000610351562,88.0022964477539,25843.150390625
2025-10-21,98.93000030517578,4087.699951171875,57.81999969482422,3.9630000591278076,87.87999725341797,25868.599609375
2025-10-22,98.9000015258789,4044.39990234375,58.5,3.953000068664551,88.00160217285156,25868.599609375
2025-10-23,98.94000244140625,4125.5,61.790000915527344,3.990999937057495,87.74030303955078,25891.400390625
2025-10-24,98.94999694824219,4118.39990234375,61.5,3.996999979019165,87.77899932861328,25795.150390625
2025-10-27,98.77999877929688,4001.89990234375,61.310001373291016,3.996999979019165,87.8290023803711,25966.05078125
2025-10-28,98.69000244140625,3966.199951171875,60.150001525878906,3.9830000400543213,88.22209930419922,25936.19921875
2025-10-29,99.22000122070312,3983.699951171875,60.47999954223633,4.058000087738037,88.22550201416016,26053.900390625
2025-10-30,99.52999877929688,4001.300048828125,60.56999969482422,4.0929999351501465,88.34559631347656,25877.849609375
2025-10-31,99.80000305175781,3982.199951171875,60.97999954223633,4.10099983215332,88.6344985961914,25722.099609375
2025-11-03,99.87000274658203,4000.300048828125,61.04999923706055,4.105999946594238,88.77539825439453,25763.349609375
2025-11-04,100.22000122070312,3947.699951171875,60.560001373291016,4.089000225067139,88.72339630126953,25597.650390625
2025-11-05,100.19999694824219,3980.300048828125,59.599998474121094,4.1570000648498535,88.73200225830078,25597.650390625
2025-11-06,99.7300033569336,3979.89990234375,59.43000030517578,4.0929999351501465,88.55690002441406,25509.69921875
2025-11-07,99.5999984741211,3999.39990234375,59.75,4.0929999351501465,88.6729965209961,25492.30078125
2025-11-10,99.62000274658203,4111.7998046875,60.130001068115234,4.110000133514404,88.65799713134766,25574.349609375
2025-11-11,99.45999908447266,4106.7998046875,61.040000915527344,4.119999885559082,88.70709991455078,25694.94921875
2025-11-12,99.4800033569336,4204.39990234375,58.4900016784668,4.065000057220459,88.46649932861328,25875.80078125
2025-11-13,99.18000030517578,4186.89990234375,58.689998626708984,4.111999988555908,88.59400177001953,25879.150390625
2025-11-14,99.2699966430664,4087.60009765625,60.09000015258789,4.1479997634887695,88.81610107421875,25910.05078125
2025-11-17,99.58999633789062,4068.300048828125,59.90999984741211,4.132999897003174,88.68199920654297,26013.44921875
2025-11-18,99.55000305175781,4061.300048828125,60.7400016784668,4.123000144958496,88.63590240478516,25910.05078125
2025-11-19,100.2300033569336,4077.699951171875,59.439998626708984,4.132999897003174,88.55680084228516,26052.650390625
2025-11-20,100.16000366210938,4056.5,59.13999938964844,4.105999946594238,88.48719787597656,26192.150390625
2025-11-21,100.18000030517578,4076.699951171875,58.060001373291016,4.063000202178955,88.69219970703125,26068.150390625
2025-11-24,100.13999938964844,4091.89990234375,58.84000015258789,4.038000106811523,89.63400268554688,25959.5
2025-11-25,99.66000366210938,4139.2001953125,57.95000076293945,4.001999855041504,89.14779663085938,25884.80078125
2025-11-26,99.5999984741211,4165.2001953125,58.650001525878906,3.997999906539917,89.15059661865234,26205.30078125
2025-11-27,99.5999984741211,4165.2001953125,58.650001525878906,3.997999906539917,89.16300201416016,26215.55078125
2025-11-28,99.45999908447266,4218.2998046875,58.54999923706055,4.017000198364258,89.36479949951172,26202.94921875
2025-12-01,99.41000366210938,4239.2998046875,59.31999969482422,4.0960001945495605,89.3499984741211,26175.75
2025-12-02,99.36000061035156,4186.60009765625,58.63999938964844,4.085999965667725,89.61270141601562,26032.19921875
2025-12-03,98.8499984741211,4199.2998046875,58.95000076293945,4.057000160217285,89.91719818115234,25986.0
2025-12-04,98.98999786376953,4211.7998046875,59.66999816894531,4.107999801635742,90.17050170898438,26033.75
2025-12-05,98.98999786376953,4212.89990234375,60.08000183105469,4.138999938964844,89.8364028930664,26186.44921875
2025-12-08,99.08999633789062,4187.2001953125,58.880001068115234,4.171999931335449,89.93800354003906,25960.55078125
2025-12-09,99.22000122070312,4206.7001953125,58.25,4.185999870300293,90.12999725341797,25839.650390625
2025-12-10,98.79000091552734,4196.39990234375,58.459999084472656,4.164000034332275,89.91690063476562,25758.0
2025-12-11,98.3499984741211,4285.5,57.599998474121094,4.140999794006348,89.79299926757812,25898.55078125
2025-12-12,98.4000015258789,4300.10009765625,57.439998626708984,4.193999767303467,90.25299835205078,26046.94921875
2025-12-15,98.1500015258789,4306.7001953125,56.81999969482422,4.182000160217285,90.5770034790039,26027.30078125
2025-12-16,98.1500015258789,4304.5,55.27000045776367,4.14900016784668,90.77690124511719,25860.099609375
2025-12-17,98.37000274658203,4347.5,55.939998626708984,4.151000022888184,90.94889831542969,25818.55078125
2025-12-18,98.43000030517578,4339.5,56.150001525878906,4.116000175476074,90.4136962890625,25815.55078125
2025-12-19,98.5999984741211,4361.39990234375,56.65999984741211,4.151000022888184,90.25579833984375,25966.400390625
2025-12-22,98.29000091552734,4444.60009765625,58.0099983215332,4.169000148773193,89.56999969482422,26172.400390625
2025-12-23,97.94000244140625,4482.7998046875,58.380001068115234,4.169000148773193,89.60389709472656,26177.150390625
2025-12-24,97.9800033569336,4480.60009765625,58.349998474121094,4.136000156402588,89.50789642333984,26142.099609375
2025-12-26,98.0199966430664,4529.10009765625,56.7400016784668,4.136000156402588,90.10590362548828,26042.30078125
2025-12-29,98.04000091552734,4325.10009765625,58.08000183105469,4.116000175476074,89.82929992675781,25942.099609375
2025-12-30,98.23999786376953,4370.10009765625,57.95000076293945,4.130000114440918,89.9000015258789,25938.849609375
2025-12-31,98.27999877929688,4325.60009765625,57.41999816894531,4.163000106811523,89.76940155029297,26129.599609375
2026-01-01,98.27999877929688,4325.60009765625,57.41999816894531,4.163000106811523,89.76940155029297,26146.55078125
2026-01-02,98.41999816894531,4314.39990234375,57.31999969482422,4.186999797821045,89.96189880371094,26328.55078125
2026-01-05,98.2699966430664,4436.89990234375,58.31999969482422,4.164999961853027,90.00700378417969,26250.30078125
2026-01-06,98.58000183105469,4482.2001953125,57.130001068115234,4.178999900817871,90.23300170898438,26178.69921875
2026-01-07,98.68000030517578,4449.2998046875,55.9900016784668,4.138000011444092,90.16609954833984,26140.75
2026-01-08,98.93000030517578,4449.7001953125,57.7599983215332,4.183000087738037,89.8644027709961,25876.849609375
2026-01-09,99.12999725341797,4490.2998046875,59.119998931884766,4.171000003814697,89.90540313720703,25683.30078125
2026-01-12,98.86000061035156,4604.2998046875,59.5,4.186999797821045,90.23600006103516,25790.25
2026-01-13,99.12999725341797,4589.2001953125,61.150001525878906,4.171000003814697,90.13269805908203,25732.30078125
2026-01-14,99.12999725341797,4626.2998046875,62.02000045776367,4.139999866485596,90.27300262451172,25665.599609375
2026-01-15,99.31999969482422,4616.2998046875,59.189998626708984,4.159999847412109,90.18319702148438,25665.599609375
2026-01-16,99.38999938964844,4588.39990234375,59.439998626708984,4.230999946594238,90.36160278320312,25694.349609375
2026-01-19,99.38999938964844,4588.39990234375,59.439998626708984,4.230999946594238,90.7020034790039,25585.5
2026-01-20,98.63999938964844,4759.60009765625,60.34000015258789,4.295000076293945,90.90450286865234,25232.5
2026-01-21,98.76000213623047,4831.7998046875,60.619998931884766,4.252999782562256,91.11840057373047,25157.5
2026-01-22,98.36000061035156,4908.7998046875,59.36000061035156,4.249000072479248,91.53690338134766,25289.900390625
2026-01-23,97.5999984741211,4976.2001953125,61.06999969482422,4.238999843597412,91.55829620361328,25048.650390625
2026-01-26,97.04000091552734,5079.7001953125,60.630001068115234,4.2129998207092285,91.5009994506836,25048.650390625
2026-01-27,96.22000122070312,5079.89990234375,62.38999938964844,4.2230000495910645,91.71309661865234,25175.400390625
2026-01-28,96.44999694824219,5301.60009765625,63.209999084472656,4.250999927520752,91.5343017578125,25342.75
2026-01-29,96.27999877929688,5318.39990234375,65.41999816894531,4.2270002365112305,92.04080200195312,25418.900390625
2026-01-30,96.98999786376953,4713.89990234375,65.20999908447266,4.241000175476074,91.78189849853516,25320.650390625
2026-02-02,97.61000061035156,4622.5,62.13999938964844,4.275000095367432,91.68699645996094,25088.400390625
2026-02-03,97.44000244140625,4903.7001953125,63.209999084472656,4.27400016784668,90.24559783935547,25727.55078125
2026-02-04,97.62000274658203,4920.39990234375,65.13999938964844,4.275000095367432,90.42289733886719,25776.0
2026-02-05,97.81999969482422,4861.39990234375,63.290000915527344,4.210000038146973,90.125,25642.80078125
2026-02-06,97.62999725341797,4951.2001953125,63.54999923706055,4.205999851226807,90.3147964477539,25693.69921875
2026-02-09,96.81999969482422,5050.89990234375,64.36000061035156,4.197999954223633,90.58799743652344,25867.30078125
2026-02-10,96.80000305175781,5003.7998046875,63.959999084472656,4.146999835968018,90.82279968261719,25935.150390625
2026-02-11,96.83000183105469,5071.60009765625,64.62999725341797,4.171999931335449,90.58789825439453,25953.849609375
2026-02-12,96.93000030517578,4923.7001953125,62.84000015258789,4.104000091552734,90.73570251464844,25807.19921875
2026-02-13,96.87999725341797,5022.0,62.88999938964844,4.056000232696533,90.56410217285156,25471.099609375
2026-02-16,96.87999725341797,5022.0,62.88999938964844,4.056000232696533,90.57119750976562,25682.75
2026-02-17,97.16000366210938,4882.89990234375,62.33000183105469,4.052000045776367,90.78299713134766,25725.400390625
2026-02-18,97.69999694824219,4986.5,65.19000244140625,4.078999996185303,90.6261978149414,25819.349609375
2026-02-19,97.93000030517578,4975.89990234375,66.43000030517578,4.074999809265137,90.79350280761719,25454.349609375
2026-02-20,97.80000305175781,5059.2998046875,66.38999938964844,4.085999965667725,91.04109954833984,25571.25
2026-02-23,97.69999694824219,5204.7001953125,66.30999755859375,4.0289998054504395,90.72660064697266,25713.0
2026-02-24,97.87999725341797,5155.7998046875,65.62999725341797,4.0329999923706055,91.02010345458984,25424.650390625
2026-02-25,97.69999694824219,5206.39990234375,65.41999816894531,4.047999858856201,90.91799926757812,25482.5
2026-02-26,97.79000091552734,5176.5,65.20999908447266,4.017000198364258,90.95099639892578,25496.55078125
2026-02-27,97.61000061035156,5230.5,67.0199966430664,3.9619998931884766,91.00740051269531,25178.650390625
2026-03-02,98.37999725341797,5294.39990234375,71.2300033569336,4.047999858856201,91.07959747314453,24865.69921875
2026-03-03,99.05000305175781,5107.39990234375,74.55999755859375,4.056000232696533,91.56340026855469,24865.69921875
2026-03-04,98.7699966430664,5120.2001953125,74.66000366210938,4.079999923706055,92.00859832763672,24480.5
2026-03-05,99.31999969482422,5065.2998046875,81.01000213623047,4.145999908447266,92.12300109863281,24765.900390625
2026-03-06,98.98999786376953,5146.10009765625,90.9000015258789,4.132999897003174,91.78690338134766,24450.44921875
2026-03-09,99.18000030517578,5091.5,94.7699966430664,4.136000156402588,91.93620300292969,24028.05078125
2026-03-10,98.83000183105469,5229.7001953125,83.44999694824219,4.136000156402588,91.220703125,24261.599609375
2026-03-11,99.2300033569336,5167.39990234375,87.25,4.208000183105469,92.16510009765625,23866.849609375
2026-03-12,99.73999786376953,5115.7998046875,95.7300033569336,4.2729997634887695,92.22879791259766,23639.150390625
2026-03-13,100.36000061035156,5052.5,98.70999908447266,4.284999847412109,92.38990020751953,23151.099609375
2026-03-16,99.70999908447266,4994.0,93.5,4.21999979019165,92.5635986328125,23408.80078125
2026-03-17,99.58000183105469,5001.0,96.20999908447266,4.202000141143799,92.28269958496094,23581.150390625
2026-03-18,100.08999633789062,4889.89990234375,96.31999969482422,4.258999824523926,92.39129638671875,23777.80078125
2026-03-19,99.2300033569336,4600.7001953125,96.13999938964844,4.281000137329102,93.24659729003906,23002.150390625
2026-03-20,99.6500015258789,4570.39990234375,98.31999969482422,4.390999794006348,93.0822982788086,23114.5
2026-03-23,98.94999694824219,4404.10009765625,88.12999725341797,4.334000110626221,93.89530181884766,22512.650390625
2026-03-24,99.43000030517578,4399.2998046875,92.3499984741211,4.392000198364258,93.24369812011719,22912.400390625
2026-03-25,99.5999984741211,4549.7998046875,90.31999969482422,4.328000068664551,94.29969787597656,23306.44921875
2026-03-26,99.9000015258789,4375.5,94.4800033569336,4.415999889373779,94.6937026977539,23306.44921875
2026-03-27,100.1500015258789,4492.0,99.63999938964844,4.440000057220459,94.30950164794922,22819.599609375
2026-03-30,100.51000213623047,4526.0,102.87999725341797,4.3420000076293945,94.78179931640625,22331.400390625
2026-03-31,99.95999908447266,4647.60009765625,101.37999725341797,4.310999870300293,94.35590362548828,22331.400390625
2026-04-01,99.6500015258789,4783.2001953125,100.12000274658203,4.318999767303467,93.48429870605469,22679.400390625
2026-04-02,100.02999877929688,4651.5,111.54000091552734,4.313000202178955,92.6426010131836,22713.099609375
2026-04-03,100.02999877929688,4651.5,111.54000091552734,4.313000202178955,92.97360229492188,22713.099609375
2026-04-06,99.9800033569336,4656.7998046875,112.41000366210938,4.335000038146973,92.97100067138672,22968.25
2026-04-07,99.63999938964844,4657.10009765625,112.94999694824219,4.3429999351501465,92.81659698486328,23123.650390625
2026-04-08,99.12999725341797,4749.5,94.41000366210938,4.290999889373779,92.86019897460938,23997.349609375
2026-04-09,98.81999969482422,4792.2001953125,97.87000274658203,4.293000221252441,92.2748031616211,23775.099609375
2026-04-10,98.6500015258789,4761.89990234375,96.56999969482422,4.316999912261963,92.46980285644531,24050.599609375
2026-04-13,98.37000274658203,4742.39990234375,99.08000183105469,4.296999931335449,94.50879669189453,23842.650390625
2026-04-14,98.12000274658203,4825.0,91.27999877929688,4.25600004196167,94.9468002319336,23842.650390625
2026-04-15,98.05999755859375,4800.0,91.29000091552734,4.2820000648498535,93.16539764404297,24231.30078125
2026-04-16,98.22000122070312,4785.39990234375,94.69000244140625,4.309000015258789,93.38680267333984,24196.75
2026-04-17,98.0999984741211,4857.60009765625,83.8499984741211,4.245999813079834,93.04789733886719,24353.55078125
2026-04-20,98.05000305175781,4806.60009765625,89.61000061035156,4.25,92.60330200195312,24364.849609375
2026-04-21,98.41000366210938,4698.39990234375,92.12999725341797,4.291999816894531,93.12359619140625,24576.599609375
2026-04-22,98.58999633789062,4732.5,92.95999908447266,4.294000148773193,93.622802734375,24378.099609375
2026-04-23,98.80000305175781,4705.10009765625,95.8499984741211,4.322999954223633,93.80049896240234,24173.05078125
2026-04-24,98.51000213623047,4722.2998046875,94.4000015258789,4.309999942779541,94.11289978027344,23897.94921875
2026-04-27,98.4800033569336,4675.39990234375,96.37000274658203,4.335999965667725,94.25029754638672,24092.69921875
2026-04-28,98.62000274658203,4591.5,99.93000030517578,4.354000091552734,94.25849914550781,23995.69921875
2026-04-29,98.91999816894531,4545.2001953125,106.87999725341797,4.418000221252441,94.64550018310547,24177.650390625
2026-04-30,98.08000183105469,4614.7001953125,105.06999969482422,4.389999866485596,94.9166030883789,23997.55078125
2026-05-01,98.20999908447266,4629.89990234375,101.94000244140625,4.377999782562256,94.75910186767578,23997.55078125
2026-05-04,98.47000122070312,4519.5,106.41999816894531,4.446000099182129,94.90299987792969,24119.30078125
2026-05-05,98.4800033569336,4555.7998046875,102.2699966430664,4.415999889373779,95.2593994140625,24032.80078125
2026-05-06,98.0199966430664,4681.89990234375,95.08000183105469,4.355999946594238,95.18299865722656,24330.94921875
2026-05-07,98.25,4699.7998046875,94.80999755859375,4.392000198364258,94.60800170898438,24326.650390625
2026-05-08,97.83999633789062,4720.39990234375,95.41999816894531,4.363999843597412,94.25299835205078,24176.150390625
2026-05-11,97.94000244140625,4718.7001953125,98.06999969482422,4.409999847412109,94.42530059814453,23815.849609375
2026-05-12,98.22899627685547,4702.89990234375,100.45999908447266,4.409999847412109,95.6449966430664,23524.099609375
